
[
  {
    "id": "overseas-chrono",
    "name": "Overseas Chronograph",
    "collection": "Overseas",
    "price": "€38,100",
    "image": "/images/overseas-chrono.png",
    "modelUrl": "https://cdn.glitch.global/03c9878b-3254-442b-9337-753958172421/watch.glb?v=1643632342738"
  },
  {
    "id": "patrimony-self-winding",
    "name": "Patrimony Self-Winding",
    "collection": "Patrimony",
    "price": "€24,400",
    "image": "/images/patrimony-self-winding.png",
    "modelUrl": "https://cdn.glitch.global/485f4a75-b461-4560-8dca-39327e997368/classic_watch.glb?v=1678886375080"
  },
  {
    "id": "traditionnelle-tourbillon",
    "name": "Traditionnelle Tourbillon",
    "collection": "Traditionnelle",
    "price": "Price on request",
    "image": "/images/traditionnelle-tourbillon.png",
    "modelUrl": "https://cdn.glitch.global/03c9878b-3254-442b-9337-753958172421/watch.glb?v=1643632342738"
  },
  {
    "id": "historiques-222",
    "name": "Historiques 222",
    "collection": "Historiques",
    "price": "€79,000",
    "image": "/images/historiques-222.png",
    "modelUrl": "https://cdn.glitch.global/485f4a75-b461-4560-8dca-39327e997368/classic_watch.glb?v=1678886375080"
  }
]
